MAC;0:e0:b1:8b:c4:4a;IP;172.24.179.2
MAC;0:12:cf:8e:94:20;IP;172.24.179.3
MAC;0:12:cf:8f:6d:20;IP;172.24.179.4
MAC;0:12:cf:8f:6d:20;IP;172.24.179.5
MAC;0:12:cf:8f:6d:20;IP;172.24.179.6
MAC;0:12:cf:8f:6d:20;IP;172.24.179.7
MAC;0:12:cf:8f:6d:20;IP;172.24.179.8
MAC;0:12:cf:8f:6d:20;IP;172.24.179.9
MAC;0:12:cf:8f:6d:20;IP;172.24.179.10
MAC;0:12:cf:8f:6d:20;IP;172.24.179.11
MAC;0:12:cf:8f:6d:20;IP;172.24.179.12
MAC;0:12:cf:8f:6d:20;IP;172.24.179.13
MAC;0:12:cf:8f:6d:20;IP;172.24.179.14
MAC;0:12:cf:8f:6d:20;IP;172.24.179.15
MAC;0:12:cf:8f:6d:20;IP;172.24.179.16
MAC;0:12:cf:8f:6d:20;IP;172.24.179.17
MAC;0:12:cf:8f:6d:20;IP;172.24.179.18
MAC;0:12:cf:8f:6d:20;IP;172.24.179.19
MAC;0:1b:21:68:40:c8;IP;172.24.179.20
MAC;0:12:3f:39:99:35;IP;172.24.179.21
MAC;0:25:90:6b:47:70;IP;172.24.179.22
MAC;3c:4a:92:52:f1:75;IP;172.24.179.23
MAC;3c:4a:92:52:f1:72;IP;172.24.179.24
MAC;3c:4a:92:52:f1:72;IP;172.24.179.25
MAC;3c:4a:92:52:f1:72;IP;172.24.179.26
MAC;3c:4a:92:52:f1:72;IP;172.24.179.27
MAC;3c:4a:92:52:f1:72;IP;172.24.179.28
MAC;3c:4a:92:52:f1:72;IP;172.24.179.29
MAC;0:14:22:2a:bd:28;IP;172.24.179.30
MAC;0:14:22:2a:bd:28;IP;172.24.179.31
MAC;0:14:22:2a:bd:28;IP;172.24.179.32
MAC;0:14:22:2a:bd:28;IP;172.24.179.33
MAC;0:1b:21:79:43:19;IP;172.24.179.34
MAC;0:1b:21:8c:a3:47;IP;172.24.179.35
MAC;0:1b:21:8c:a3:47;IP;172.24.179.36
MAC;0:1b:21:8c:a3:47;IP;172.24.179.37
MAC;0:1b:21:8c:a3:47;IP;172.24.179.38
MAC;0:1b:21:8c:a3:47;IP;172.24.179.39
MAC;0:1b:21:8c:a3:47;IP;172.24.179.40
MAC;2c:27:d7:41:2d:31;IP;172.24.179.41
MAC;2c:27:d7:41:2d:31;IP;172.24.179.42
MAC;0:11:43:2d:46:40;IP;172.24.179.43
MAC;0:18:8b:25:87:e0;IP;172.24.179.44
MAC;d4:85:64:be:fc:ad;IP;172.24.179.45
MAC;0:1b:21:8c:a3:30;IP;172.24.179.46
MAC;0:1b:21:c2:36:2d;IP;172.24.179.47
MAC;0:1b:21:c2:36:2d;IP;172.24.179.48
MAC;0:1b:21:c2:36:2d;IP;172.24.179.49
MAC;2c:27:d7:41:2a:a7;IP;172.24.179.50
MAC;0:1b:21:79:43:1b;IP;172.24.179.51
MAC;0:1b:21:79:43:1b;IP;172.24.179.52
MAC;0:1b:21:79:43:1b;IP;172.24.179.53
MAC;0:1b:21:79:43:1b;IP;172.24.179.54
MAC;0:1b:21:79:43:1b;IP;172.24.179.55
MAC;0:1b:21:79:43:1b;IP;172.24.179.56
MAC;d4:85:64:95:97:c4;IP;172.24.179.57
MAC;d4:85:64:95:97:c4;IP;172.24.179.58
MAC;d4:85:64:95:97:c4;IP;172.24.179.59
MAC;d4:85:64:95:97:c4;IP;172.24.179.60
MAC;d4:85:64:95:97:c4;IP;172.24.179.61
MAC;d4:85:64:95:97:c4;IP;172.24.179.62
MAC;d4:85:64:95:97:c4;IP;172.24.179.63
MAC;d4:85:64:95:97:c4;IP;172.24.179.64
MAC;d4:85:64:95:97:c4;IP;172.24.179.65
MAC;0:1b:21:c2:38:98;IP;172.24.179.66
MAC;0:1b:21:c2:38:98;IP;172.24.179.67
MAC;0:1b:21:c2:38:98;IP;172.24.179.68
MAC;0:1b:21:c2:38:98;IP;172.24.179.69
MAC;0:1b:21:c2:38:98;IP;172.24.179.70
MAC;0:1b:21:c2:38:98;IP;172.24.179.71
MAC;40:61:86:c3:1c:63;IP;172.24.179.72
MAC;40:61:86:c3:1c:63;IP;172.24.179.73
MAC;40:61:86:c3:1c:63;IP;172.24.179.74
MAC;40:61:86:c3:1c:63;IP;172.24.179.75
MAC;40:61:86:c3:1c:63;IP;172.24.179.76
MAC;0:1b:21:68:39:3e;IP;172.24.179.77
MAC;0:1b:21:68:45:e8;IP;172.24.179.78
MAC;0:12:3f:4b:c6:d5;IP;172.24.179.79
MAC;0:12:3f:4b:c6:d5;IP;172.24.179.80
MAC;0:11:43:2c:f5:3f;IP;172.24.179.81
MAC;0:11:43:2c:f5:3f;IP;172.24.179.82
MAC;0:1b:21:68:43:fb;IP;172.24.179.83
MAC;0:1b:21:68:43:fb;IP;172.24.179.84
MAC;0:27:13:b4:24:6e;IP;172.24.179.85
MAC;0:27:13:b4:24:6e;IP;172.24.179.86
MAC;0:27:13:b4:24:6e;IP;172.24.179.87
MAC;0:27:13:b4:24:6e;IP;172.24.179.88
MAC;0:27:13:b4:24:6e;IP;172.24.179.89
MAC;0:11:43:2d:1b:28;IP;172.24.179.90
MAC;0:11:43:2d:1b:28;IP;172.24.179.91
MAC;0:11:43:2d:1b:28;IP;172.24.179.92
MAC;a0:b3:cc:ff:5e:6b;IP;172.24.179.93
MAC;a0:b3:cc:ff:5e:6b;IP;172.24.179.94
MAC;0:1b:21:c2:36:ee;IP;172.24.179.95
MAC;d4:85:64:c0:e5:3c;IP;172.24.179.96
MAC;d4:85:64:c0:e5:3c;IP;172.24.179.97
MAC;d4:85:64:c0:e5:3c;IP;172.24.179.98
MAC;e8:39:35:5f:3e:41;IP;172.24.179.99
MAC;e8:39:35:5f:3e:41;IP;172.24.179.100
MAC;e8:39:35:5f:3e:41;IP;172.24.179.101
MAC;2c:27:d7:2a:d2:21;IP;172.24.179.102
MAC;78:ac:c0:a8:2e:11;IP;172.24.179.103
MAC;0:d0:c9:95:7d:a2;IP;172.24.179.104
MAC;0:d0:c9:95:7d:a2;IP;172.24.179.105
MAC;0:26:55:d9:bc:26;IP;172.24.179.106
MAC;e8:e7:32:25:55:46;IP;172.24.179.107
MAC;e8:e7:32:25:55:46;IP;172.24.179.108
MAC;30:37:a6:74:b4:c1;IP;172.24.179.109
MAC;0:26:55:d9:bc:26;IP;172.24.179.110
MAC;0:12:80:82:ba:80;IP;172.24.179.111
MAC;0:12:80:82:ba:80;IP;172.24.179.112
MAC;0:12:80:82:ba:80;IP;172.24.179.113
MAC;0:12:80:82:ba:80;IP;172.24.179.114
MAC;0:12:80:82:ba:80;IP;172.24.179.115
MAC;0:26:55:d9:bc:26;IP;172.24.179.116
MAC;0:26:55:d9:bc:26;IP;172.24.179.117
MAC;0:26:55:d9:bc:26;IP;172.24.179.118
MAC;0:26:55:d9:bc:26;IP;172.24.179.119
MAC;0:26:55:d9:bc:26;IP;172.24.179.120
MAC;0:26:55:d9:bc:26;IP;172.24.179.121
MAC;0:26:55:d9:bc:26;IP;172.24.179.122
MAC;0:26:55:d9:bc:26;IP;172.24.179.123
MAC;0:12:3f:39:94:88;IP;172.24.179.124
MAC;0:12:3f:39:94:88;IP;172.24.179.125
MAC;0:12:3f:39:94:88;IP;172.24.179.126
MAC;0:12:3f:39:94:88;IP;172.24.179.127
MAC;0:12:3f:39:94:88;IP;172.24.179.128
MAC;0:14:4f:3b:3b:c7;IP;172.24.179.129
MAC;d4:85:64:c0:e6:75;IP;172.24.179.130
MAC;d4:85:64:c0:e6:75;IP;172.24.179.131
MAC;2c:27:d7:41:30:17;IP;172.24.179.132
MAC;0:11:43:19:16:49;IP;172.24.179.133
MAC;0:11:43:19:16:49;IP;172.24.179.134
MAC;0:14:4f:ea:ac:dc;IP;172.24.179.135
MAC;0:21:28:46:a9:e0;IP;172.24.179.136
MAC;0:21:28:46:bc:54;IP;172.24.179.137
MAC;0:21:28:46:bc:54;IP;172.24.179.138
MAC;2c:27:d7:2a:d1:fd;IP;172.24.179.139
MAC;2c:27:d7:2a:d1:fd;IP;172.24.179.140
MAC;2c:27:d7:2a:d1:fd;IP;172.24.179.141
MAC;2c:27:d7:2a:d1:fd;IP;172.24.179.142
MAC;2c:27:d7:2a:d1:fd;IP;172.24.179.143
MAC;2c:27:d7:2a:d1:fd;IP;172.24.179.144
MAC;2c:27:d7:2a:d1:fd;IP;172.24.179.145
MAC;2c:27:d7:2a:d1:fd;IP;172.24.179.146
MAC;0:13:72:84:3e:51;IP;172.24.179.147
MAC;0:11:43:2c:c9:40;IP;172.24.179.148
MAC;80:c1:6e:e6:85:df;IP;172.24.179.149
MAC;2c:27:d7:41:2d:77;IP;172.24.179.150
MAC;2c:27:d7:41:2d:77;IP;172.24.179.151
MAC;0:24:81:22:be:b3;IP;172.24.179.152
MAC;78:ac:c0:a8:2b:2b;IP;172.24.179.153
MAC;78:ac:c0:a8:2b:2b;IP;172.24.179.154
MAC;0:19:5b:2e:dd:98;IP;172.24.179.155
MAC;d4:85:64:16:99:64;IP;172.24.179.156
MAC;d4:85:64:16:99:64;IP;172.24.179.157
MAC;d4:85:64:16:99:64;IP;172.24.179.158
MAC;d4:85:64:95:97:c0;IP;172.24.179.159
MAC;0:11:43:2c:f7:3d;IP;172.24.179.160
MAC;0:1b:21:68:43:e3;IP;172.24.179.161
MAC;0:1b:21:54:19:1c;IP;172.24.179.162
MAC;0:1b:21:54:19:1c;IP;172.24.179.163
MAC;0:1b:21:54:19:1c;IP;172.24.179.164
MAC;0:1b:21:d1:66:47;IP;172.24.179.165
MAC;0:1b:21:d1:66:47;IP;172.24.179.166
MAC;0:1b:21:d1:66:47;IP;172.24.179.167
MAC;0:1b:21:d1:66:47;IP;172.24.179.168
MAC;80:c1:6e:e2:1c:7f;IP;172.24.179.169
MAC;80:c1:6e:e2:1c:7f;IP;172.24.179.170
MAC;80:c1:6e:e2:1c:7f;IP;172.24.179.171
MAC;80:c1:6e:e2:1c:7f;IP;172.24.179.172
MAC;0:21:28:d6:58:c4;IP;172.24.179.173
MAC;0:21:28:d6:58:c4;IP;172.24.179.174
MAC;0:21:28:d6:58:c4;IP;172.24.179.175
MAC;0:21:28:d6:58:c4;IP;172.24.179.176
MAC;0:21:28:d6:58:c4;IP;172.24.179.177
MAC;0:21:28:d6:58:c4;IP;172.24.179.178
MAC;0:21:28:d6:58:c4;IP;172.24.179.179
MAC;0:21:28:d6:58:c4;IP;172.24.179.180
MAC;d8:d3:85:f6:fd:d6;IP;172.24.179.181
MAC;0:19:b9:3f:cd:10;IP;172.24.179.182
MAC;0:19:b9:3f:cd:10;IP;172.24.179.183
MAC;0:14:4f:4a:d5:cf;IP;172.24.179.184
MAC;0:14:4f:4a:d5:cf;IP;172.24.179.185
MAC;0:14:4f:4a:d5:cf;IP;172.24.179.186
MAC;0:14:4f:4a:d5:cf;IP;172.24.179.187
MAC;0:14:4f:4a:d5:cf;IP;172.24.179.188
MAC;0:14:4f:4a:d5:cf;IP;172.24.179.189
MAC;0:14:4f:4a:d5:cf;IP;172.24.179.190
MAC;0:14:4f:4a:d5:cf;IP;172.24.179.191
MAC;0:14:4f:4a:d5:cf;IP;172.24.179.192
MAC;0:14:22:26:d6:a3;IP;172.24.179.193
MAC;b4:99:ba:bc:d1:b8;IP;172.24.179.194
MAC;b4:99:ba:bc:d1:b8;IP;172.24.179.195
MAC;b4:99:ba:bc:d1:b8;IP;172.24.179.196
MAC;0:1b:21:c2:36:7c;IP;172.24.179.197
MAC;64:16:8d:84:59:c0;IP;172.24.179.198
MAC;64:16:8d:84:59:c0;IP;172.24.179.199
MAC;64:16:8d:84:59:c0;IP;172.24.179.200
MAC;64:16:8d:84:59:c0;IP;172.24.179.201
MAC;64:16:8d:84:59:c0;IP;172.24.179.202
MAC;0:1b:21:c2:35:92;IP;172.24.179.203
MAC;0:1b:21:c2:35:92;IP;172.24.179.204
MAC;0:1b:21:8c:a7:69;IP;172.24.179.205
MAC;0:1b:21:8c:a7:69;IP;172.24.179.206
MAC;0:1b:21:8c:a7:69;IP;172.24.179.207
MAC;0:1b:21:8c:a7:69;IP;172.24.179.208
MAC;0:1b:21:8c:a7:69;IP;172.24.179.209
MAC;0:1b:21:8c:a7:69;IP;172.24.179.210
MAC;0:1b:21:8c:a7:69;IP;172.24.179.211
MAC;0:1b:21:8c:a7:69;IP;172.24.179.212
MAC;0:1b:21:8c:a7:69;IP;172.24.179.213
MAC;0:1b:21:89:23:fb;IP;172.24.179.214
MAC;0:1b:21:89:23:fb;IP;172.24.179.215
MAC;0:1b:21:89:23:fb;IP;172.24.179.216
MAC;2c:27:d7:2a:d2:54;IP;172.24.179.217
MAC;2c:27:d7:41:2d:25;IP;172.24.179.218
MAC;2c:27:d7:3d:e9:68;IP;172.24.179.219
MAC;d4:85:64:16:96:af;IP;172.24.179.220
MAC;d4:85:64:16:96:af;IP;172.24.179.221
MAC;d4:85:64:16:96:af;IP;172.24.179.222
MAC;d4:85:64:16:96:af;IP;172.24.179.223
MAC;d4:85:64:16:96:af;IP;172.24.179.224
MAC;2c:27:d7:2a:d2:44;IP;172.24.179.225
MAC;d4:85:64:be:fc:a9;IP;172.24.179.226
MAC;d4:85:64:be:fc:a9;IP;172.24.179.227
MAC;d4:85:64:be:fc:a9;IP;172.24.179.228
MAC;d4:85:64:be:fc:a9;IP;172.24.179.229
MAC;d4:85:64:be:fc:a9;IP;172.24.179.230
MAC;0:24:81:21:3a:90;IP;172.24.179.231
MAC;0:24:81:21:3a:90;IP;172.24.179.232
MAC;0:24:81:21:3a:90;IP;172.24.179.233
MAC;78:ac:c0:a8:2c:c3;IP;172.24.179.234
MAC;78:ac:c0:a8:2c:c3;IP;172.24.179.235
MAC;78:ac:c0:a8:2c:c3;IP;172.24.179.236
MAC;78:ac:c0:a8:2c:c3;IP;172.24.179.237
MAC;78:ac:c0:a8:2e:55;IP;172.24.179.238
MAC;78:ac:c0:b4:eb:f0;IP;172.24.179.239
MAC;78:ac:c0:b4:eb:f0;IP;172.24.179.240
MAC;78:ac:c0:b4:eb:f0;IP;172.24.179.241
MAC;78:ac:c0:b4:eb:f0;IP;172.24.179.242
MAC;78:e7:d1:cc:1b:e5;IP;172.24.179.243
MAC;d4:85:64:16:96:b8;IP;172.24.179.244
MAC;d4:85:64:16:96:b8;IP;172.24.179.245
MAC;d4:85:64:c0:e7:95;IP;172.24.179.246
MAC;d4:85:64:c0:e7:95;IP;172.24.179.247
MAC;d4:85:64:c0:e7:95;IP;172.24.179.248
MAC;d4:85:64:c0:e7:95;IP;172.24.179.249
MAC;0:24:81:1f:17:40;IP;172.24.179.250
MAC;0:24:81:1f:17:40;IP;172.24.179.251
MAC;0:e0:b1:e5:e8:78;IP;172.24.179.252
MAC;0:e0:b1:e5:e8:78;IP;172.24.179.253
MAC;0:14:22:35:f8:5e;IP;172.24.179.254
MAC;0:14:22:35:f8:5e;IP;172.24.180.0
